file_path,file_name,file_size,sha256,first_50_bytes_hex,detected_type,signature_match,malware_rule_hits,risk_score,verdict
G:\Users\win10secu3\Documents\File\File001,File001,10768,7a6f4e0442b3b4f6f936c00e7fd813d0fda011f10496481d94805003cf4f330b,4d5a90000300000004000000ffff0000b8000000000000004000000000000000000000000000000000000000000000000000,EXE,PE_MZ_HEADER,URL_PROTOCOL,1,CLEAN
G:\Users\win10secu3\Documents\File\File002,File002,556,ed5de336ddc9ff34554219b5c125971399bbbbb71db8a465aa7d17bb8944eb9d,efbbbf3c230a2e53594e4f505349530a09496e7374616c6c73205a6f6f6d0a2e4445534352495054494f4e0a095468697320,PS1,PS1_UTF8_BOM,URL_PROTOCOL,1,CLEAN
G:\Users\win10secu3\Documents\File\File003,File003,1855,58d04b05a781cbfe76a36ce7a5e275b65972dacd5384b990217d271d090e8e0b,436f7079726967687420286329205b796561725d205b66756c6c6e616d655d0d0a0d0a54686520556e6976657273616c2050,TXT,TXT_HEURISTIC,,0,CLEAN
G:\Users\win10secu3\Documents\File\File004,File004,149,621a179e360dde879b74b9be144b8ab6e630e58ea992971f3bca9146c9635c20,406563686f206f66660d0a736574202f61206c696e653d2572616e646f6d252025252035202b20310d0a666f72202f662022,BAT,BAT_ECHO_OFF,,0,CLEAN
G:\Users\win10secu3\Documents\File\File005,File005,2560,be03d7f716ccb1120fabf644f12d9bea11e0eeeb8b2c64686b842869cd4c50f0,4d5a90000300000004000000ffff0000b8000000000000004000000000000000000000000000000000000000000000000000,EXE,PE_MZ_HEADER,,0,CLEAN
G:\Users\win10secu3\Documents\File\File006,File006,4319474,fe5d03498443b9d9b248d83499f26e7c177ca6e41c4394ff010f77aa85344a91,504b03040a000000000000002100ffffffff1102000011020000100000005b74726173685d2f303030302e646174ffffffff,ZIP,ZIP_PK_HEADER,,0,CLEAN
G:\Users\win10secu3\Documents\File\File007,File007,1013332,593e2bfb37d712aa42b97ca849d23107456dcc69dc61408978c4ae4c5a9806e8,504b030414000600080000002100d4a2463fd9010000ec0900001300d3015b436f6e74656e745f54797065735d2e786d6c20,ZIP,ZIP_PK_HEADER,,0,CLEAN
G:\Users\win10secu3\Documents\File\File008,File008,1617304,1e8804a55aa1931e0382776bad307c5b7401daed687b87bf2dc2ca4a4cd075f5,89504e470d0a1a0a0000000d4c454e5a00000388000004ec0806000000c272ac0c0001000049444154789cecfd799c6dd975,PNG,PNG_SIGNATURE,,0,CLEAN
G:\Users\win10secu3\Documents\File\File009,File009,1726586,caa4f0870e1edf0e723db15963b182576d841a4df2202ea7e36a0c19a4a3853f,89504e470d0a1a0a0000000d4948445200000388000004ec0806000000c272ac0c0001000049444154789cecfd5993243992,PNG,PNG_SIGNATURE,,0,CLEAN
G:\Users\win10secu3\Documents\File\File010,File010,4155280,3b7abb872967e1db077436f9888bb0039ad4cc0ef0ac066a638a57d4bd26c775,504b0304140006000800000021003cf321f4570200009f1600001300c0015b436f6e74656e745f54797065735d2e786d6c20,ZIP,ZIP_PK_HEADER,URL_PROTOCOL,1,CLEAN
G:\Users\win10secu3\Documents\File\File011,File011,12996644,7d0d7911b0d2f8edd31039124f32e2565cd65705d491344e7e51282da201de88,504b03040a000000000000002100ffffffff0f0200000f020000100000005b74726173685d2f303030302e646174ffffffff,ZIP,ZIP_PK_HEADER,,0,CLEAN
G:\Users\win10secu3\Documents\File\File012,File012,28659,071345a2709641e09bd87d46c65dd868e1000e1429f36051df2c9b479a9e8fd5,504b03041400060008000000210004e86306f70100009b0a0000130008025b436f6e74656e745f54797065735d2e786d6c20,ZIP,ZIP_PK_HEADER,,0,CLEAN
G:\Users\win10secu3\Documents\File\File013,File013,814,ad4a58c7b13e3bf2504d6e9a4f67c03bbdc3cc09a338c3b7fdc1e890e1c80e93,efbbbf3c230a2e53594e4f505349530a095072696e747320746865204d443520636865636b73756d206f6620612066696c65,PS1,PS1_UTF8_BOM,URL_PROTOCOL,1,CLEAN
G:\Users\win10secu3\Documents\File\File014,File014,3050393,233c2b822e1930e61de96b91aa6051c327301c1f46a0887f43cc21534fd44de1,504b030414000600080000002100e4a7b06feb010000350d0000130008025b436f6e74656e745f54797065735d2e786d6c20,ZIP,ZIP_PK_HEADER,,0,CLEAN
G:\Users\win10secu3\Documents\File\File015,File015,164,324d140227ff55095c890442e288bd78259fb18008caac0bf611dfccad2d2bc2,406563686f206f66660d0a736574202f6120636f756e743d2572616e646f6d25202525203230202b20310d0a6563686f2047,BAT,BAT_ECHO_OFF,IPV4_LITERAL,1,CLEAN
G:\Users\win10secu3\Documents\File\File016,File016,87,a71945c90d5a1dd9b21256ad2f71d6b426aa5a51bcdc1692b128e6316771c890,406563686f206f66660d0a736574202f61206865783d2572616e646f6d25202525203235350d0a736574202f612068657832,BAT,BAT_ECHO_OFF,,0,CLEAN
G:\Users\win10secu3\Documents\File\File017,File017,4810789,6c2ddef8af98d34537d0b8cdb4251c2d6a55b09875305c82b39bdac20dea70ef,504b03040a000000000000002100ffffffff0d0200000d020000100000005b74726173685d2f303030302e646174ffffffff,ZIP,ZIP_PK_HEADER,,0,CLEAN
G:\Users\win10secu3\Documents\File\File018,File018,407134,304f551a0c08e27c12b749fcc8f213b97ba87c3f09d0669f6655e1a5400c933f,255044462d312e350a25f6e4fcdf0a312030206f626a0a3c3c0a2f54797065202f436174616c6f670a2f5061676573203220,PDF,PDF_HEADER_V1,URL_PROTOCOL;SUSPICIOUS_TERMS,2,SUSPICIOUS
G:\Users\win10secu3\Documents\File\File019,File019,1651234,2517ee94d08b1eb42f5599f45066d450c26782e1c6ffc0fc0225d89c62d2e2bf,89504e470d0a1a0a0000000d4948445200000388000004ec0806000000c272ac0c0001000049444154789cecfd79b025d779,PNG,PNG_SIGNATURE,,0,CLEAN
G:\Users\win10secu3\Documents\File\File020,File020,38102,9fd1640e94b12e51aa238c41e6306f9e0619f672f969ec4b2cb347732744188a,4100740074007200690062007500740069006f006e00200034002e003000200049006e007400650072006e00610074006900,UNKNOWN,,,0,CLEAN
G:\Users\win10secu3\Documents\File\File021,File021,35182,13fb48a6c31a72e0e2b69650b1cebe8954f7b73449848492dcfd22b25bd91afa,2020202020202020202020202020202020202020474e552041464645524f2047454e4552414c205055424c4943204c494345,TXT,TXT_HEURISTIC,URL_PROTOCOL,1,CLEAN
G:\Users\win10secu3\Documents\File\File022,File022,185443,5ba8b8c4481d78f5b39daffb796ff663aa50b8338edc61b0a6ee028ad0a1b2eb,255044462d312e370a25f6e4fcdf0a312030206f626a0a3c3c0a2f50616765732032203020520a2f54797065202f43617461,PDF,PDF_HEADER_V1,URL_PROTOCOL,1,CLEAN
G:\Users\win10secu3\Documents\File\File023,File023,686849,172ceeeacd20f57c054f26ba9ba83d9ea971fcb3cca9a343135371cddcd77197,49443300010100000008001000ffff0800000100000000000040000000000000000000000000000000000000000000000000,MP3,MP3_ID3V2,URL_PROTOCOL,1,CLEAN
G:\Users\win10secu3\Documents\File\File024,File024,3072,7dc700da62ae9e18138d220ea344c5c104b8c4a32dc2af96076121a799185dc4,4d5a90000300000004000000ffff0000b8000000000000004000000000000000000000000000000000000000000000000000,EXE,PE_MZ_HEADER,,0,CLEAN
G:\Users\win10secu3\Documents\File\File025,File025,23832,3df63fb05c080d1652305e4aa50bbcfba703b71f4f5b55b29762fdbb8eecf82b,4d5a90000300000004000000ffff0000b8000000000000004000000000000000000000000000000000000000000000000000,EXE,PE_MZ_HEADER,URL_PROTOCOL,1,CLEAN
G:\Users\win10secu3\Documents\File\File026,File026,35821,81cbae84a29ce7e770bf2bc7b178e50bda0ce8de6067aba661b0bc7b05b562f8,2020202020202020202020202020202020202020474e552047454e4552414c205055424c4943204c4943454e53450d0a2020,TXT,TXT_HEURISTIC,URL_PROTOCOL,1,CLEAN
G:\Users\win10secu3\Documents\File\File027,File027,3584,a82e984256abd016dfef2e0dd554bf7d36c3edffdcc516580df4d0527da63cf8,4d5a90000300000004000000ffff0000b8000000000000004000000000000000000000000000000000000000000000000000,EXE,PE_MZ_HEADER,,0,CLEAN
G:\Users\win10secu3\Documents\File\File028,File028,109,0a7cc99c58d394b983cd6f0084acc9fe71b7cc6bcfc91c543bb8dc1a5174b63b,406563686f206f66660d0a736574202f6120646965313d2572616e646f6d252025252036202b20310d0a736574202f612064,BAT,BAT_ECHO_OFF,,0,CLEAN
G:\Users\win10secu3\Documents\File\File029,File029,273,f2d66c27e46fd953e90929cfa21390964036b8c913d99acacc4295f8daa049de,406563686f206f66660d0a666f72202f662022746f6b656e733d312d342064656c696d733d2f20222025256120696e202822,BAT,BAT_ECHO_OFF,,0,CLEAN
G:\Users\win10secu3\Documents\File\File030,File030,5379567,570481ebf63d977e87206c3810f9ffd4d9357b37aae5767d86a061fc0135d767,504b03040a000000000000002100ffffffff6402000064020000100000005b74726173685d2f303030302e646174ffffffff,ZIP,ZIP_PK_HEADER,,0,CLEAN
G:\Users\win10secu3\Documents\File\File031,File031,59159,81082c4fcc0ec554191ffe3443dacf4d442337264060ee97d019c3c84c6e099c,504b0304140006000800000021009884f0a8eb010000220a00001300ca015b436f6e74656e745f54797065735d2e786d6c20,ZIP,ZIP_PK_HEADER,,0,CLEAN
G:\Users\win10secu3\Documents\File\File032,File032,176259,89329961c24be7ab46447b5a0da0a3787e37f2d7d00c98aa3673c77c973e02a4,504b030414000600080000002100e679a397ba0100007d0d0000130008025b436f6e74656e745f54797065735d2e786d6c20,ZIP,ZIP_PK_HEADER,,0,CLEAN
G:\Users\win10secu3\Documents\File\File033,File033,31332,52a382ff0005e95597de5539d5b9ab1208e5e943d19bb6a14537fec2d2a3d64d,4344303014000600080000002100aaf758a47901000014060000130008025b436f6e74656e745f54797065735d2e786d6c20,UNKNOWN,,,0,CLEAN
G:\Users\win10secu3\Documents\File\File034,File034,77,be063e3c106e6ecbcd6366742cfbacd3c6fdd5596665d2679de8cbfa5960d26f,406563686f206f66660d0a736574202f61206e756d3d2572616e646f6d252025252031303030300d0a6563686f20596f7572,BAT,BAT_ECHO_OFF,,0,CLEAN
G:\Users\win10secu3\Documents\File\File035,File035,3097388,155f0ed931821473758ba6f804d113c50afe262eb1c4c182e3a0f1a7a09970ec,504b030414000000080000002100610dd4924202000075140000130000005b436f6e74656e745f54797065735d2e786d6ccc,ZIP,ZIP_PK_HEADER,,0,CLEAN
G:\Users\win10secu3\Documents\File\File036,File036,1417519,fc691fa2e54dafccb9744fe0249f946a87b4e69f2a49ace3c9cce22dd737b82e,89504e470d0a1a0a0000000d4948445200000388000004ec0806000000c272ac0c0001000049444154789cecfd69b0655976,PNG,PNG_SIGNATURE,,0,CLEAN
G:\Users\win10secu3\Documents\File\File037,File037,266343,7321f38d919d4fb46030f5692d2aaa8d74caee26fbbdf7e4b06ea71b68ed27fd,504b03040a000000000000002100ffffffff3502000035020000100000005b74726173685d2f303030302e646174ffffffff,ZIP,ZIP_PK_HEADER,,0,CLEAN
G:\Users\win10secu3\Documents\File\File038,File038,5125758,131694dfcd8c271b37e54ca9e5c1abbb9ac88526e15cbb9356084667282d36eb,43443030312e360a25f6e4fcdf0a312030206f626a0a3c3c0a2f4d657461646174612032203020520a2f4c616e672028656e,TXT,TXT_HEURISTIC,URL_PROTOCOL,1,CLEAN
G:\Users\win10secu3\Documents\File\File039,File039,608,abbc52db824b9a134dfd0ef0c646a8e2382a05e7af9a9f5865b77cc704844495,efbbbf3c230a2e53594e4f505349530a09496e7374616c6c7320446973636f72640a2e4445534352495054494f4e0a095468,PS1,PS1_UTF8_BOM,URL_PROTOCOL,1,CLEAN
G:\Users\win10secu3\Documents\File\File040,File040,168,0eefccda4460faab2f6a2243598f74a58c93c2ff01a60e4c7b87ff2ff048677e,406563686f206f66660d0a73657420696e7075743d68656c6c6f0d0a7365742072657665727365643d0d0a666f72202f6c20,BAT,BAT_ECHO_OFF,,0,CLEAN
G:\Users\win10secu3\Documents\File\File041,File041,1640375,d2c03ebbcb573163994d6eb247209a6cd9ffd5141b14511e4766a31b303c0b65,89504e470d0a1a0a0000000d4948445200000388000004ec0806000000c272ac0c0001000049444154789cecfde992244b92,PNG,PNG_SIGNATURE,,0,CLEAN
G:\Users\win10secu3\Documents\File\File042,File042,11280,8b9d7b249fd8b32d14465b6d038060da3545114bcf0041ada1f7205b81d6887d,4d5a90000300000004000000ffff0000b8000000000000004000000000000000000000000000000000000000000000000000,EXE,PE_MZ_HEADER,URL_PROTOCOL,1,CLEAN
G:\Users\win10secu3\Documents\File\File043,File043,106799,13e84bab911c370a9c80081d6a711f6f334296996cac27348aaad72aa59dc5b7,504b03041400020008004a247659fb70553b11530000494e030011001100776f72642f646f63756d656e742e786d6c55540d,ZIP,OOXML_DOCX_HINT,,0,CLEAN
G:\Users\win10secu3\Documents\File\File044,File044,229,d6a99d5fa30152aa09b95e8198641cc9ee95c27051ceb5031b22bacb674a7073,406563686f206f66660d0a7365746c6f63616c20656e61626c6564656c61796564657870616e73696f6e0d0a73657420776f,BAT,BAT_ECHO_OFF,,0,CLEAN
G:\Users\win10secu3\Documents\File\File045,File045,137878,e3a4563c0f11178ce2eb4623899a43c9221b68e6e0b8ecaeebca23c4277d9496,ffd8ffe100104a46494600010100000100010000ffdb004300080606070605080707070909080a0c140d0c0b0b0c1912130f,JPEG,JPEG_GENERIC,,0,CLEAN
G:\Users\win10secu3\Documents\File\File046,File046,80947,2300646f4daccc0773f9cdc078f603814c2025828cb978137e3b38fb1a2a64a3,4d5a00010100000008001000ffff080000010000000000004000000000000000000000000000000000000000000000000000,EXE,PE_MZ_HEADER,,0,CLEAN
G:\Users\win10secu3\Documents\File\File047,File047,1082258,6a34ddbbc2a43d2c911fbf7b59824c4b7860448f7c1435e520b562af33614d50,4d5a90000300000004000000ffff0000b8000000000000004000000000000000000000000000000000000000000000000000,EXE,PE_MZ_HEADER,URL_PROTOCOL;API_WINEXEC;REG_SET_VALUE,3,SUSPICIOUS
G:\Users\win10secu3\Documents\File\File048,File048,831,5ac465d7d37bad28b424c139e142cea865d163495182eecdebf02ea91705d0a9,efbbbf3c230a2e53594e4f505349530a095072696e74732074686520534841312068617368206f6620612066696c650a2e44,PS1,PS1_UTF8_BOM,URL_PROTOCOL,1,CLEAN
G:\Users\win10secu3\Documents\File\File049,File049,1804,9f85d5be7ccd66b89e730bb720e157bac05d165d38cb41c343eb21421c10e359,efbbbf3c230a2e53594e4f505349530a09496e7374616c6c7320626173696320617070730a2e4445534352495054494f4e0a,PS1,PS1_UTF8_BOM,URL_PROTOCOL,1,CLEAN
G:\Users\win10secu3\Documents\File\File050,File050,86,0bfdd7cb1d0cb8697316b798e83792d11634273aa4471e31409fe86c15e70104,406563686f206f66660d0a736574202f6120636f6c6f723d2572616e646f6d252025252031360d0a636f6c6f722025636f6c,BAT,BAT_ECHO_OFF,,0,CLEAN
G:\Users\win10secu3\Documents\File\File051,File051,716249,bb09f3b4e07672d3ac19638db0979ec4c5442492af49b14006c60c55a97f7d04,4d5a90000300000004000000ffff0000b8000000000000004000000000000000000000000000000000000000000000000000,EXE,PE_MZ_HEADER,,0,CLEAN
G:\Users\win10secu3\Documents\File\File052,File052,146273,2853b3fa183165c4ec4fe29a88c722c5573c60c40ac92581fa2ee53f6af22a8c,ffd8ffe000104a46494600010100000100010000ffdb004300080606070605080707070909080a0c140d0c0b0b0c1912130f,JPEG,JPEG_GENERIC,,0,CLEAN
G:\Users\win10secu3\Documents\File\File053,File053,173909,cbc1858fa38513e9d63f90483cccc15745a5bfa58642b9fe8f60374f7d684308,ffd8ffe000104a46494600010100000100010000ffdb004300080606070605080707070909080a0c140d0c0b0b0c1912130f,JPEG,JPEG_GENERIC,,0,CLEAN
G:\Users\win10secu3\Documents\File\File054,File054,628,b2234d575d7257d1280199c630c2a9bc15d637dd04e040cff0d42dd8001f9531,efbbbf3c230a2e53594e4f505349530a09496e7374616c6c732047697420666f722057696e646f77730a2e44455343524950,PS1,PS1_UTF8_BOM,URL_PROTOCOL,1,CLEAN
G:\Users\win10secu3\Documents\File\File055,File055,844097,044dabbdcc1d8d6dcac29643daf6a30de44ba64d551361019d0ac29f3d09c551,4344303014000600080000002100a990c0ad7b030000d3100000140000007070742f70726573656e746174696f6e2e786d6c,UNKNOWN,,URL_PROTOCOL,1,CLEAN
G:\Users\win10secu3\Documents\File\File056,File056,340390,eebca9f734909c752bd248639b0b387908cb6df0182ea97346857fc88affb08a,504b03040a000000000000002100fffffffff3010000f3010000100000005b74726173685d2f303030302e646174ffffffff,ZIP,ZIP_PK_HEADER,,0,CLEAN
G:\Users\win10secu3\Documents\File\File057,File057,691,9c81453c7de7f7b959263051a8107ddafaad8a53fad4125c6a72541eb06a06bb,efbbbf3c230a2e53594e4f505349530a09456e61626c65732074686520676f64206d6f64650a2e4445534352495054494f4e,PS1,PS1_UTF8_BOM,URL_PROTOCOL,1,CLEAN
G:\Users\win10secu3\Documents\File\File058,File058,23112,0b37ab6ce65c46852c4201e7756c243a8a019ceba7b62558b2666a7eb24afb17,2000200020002000200020002000200020002000200020002000200020002000200020002000200020002000200020002000,UNKNOWN,,,0,CLEAN
G:\Users\win10secu3\Documents\File\File059,File059,1720207,5220da04b5ef146ca0230533d56c2085c170d9557c7333faad22f3bc766fb2b0,89504e470d0a1a0a0000000d4948445200000388000004ec0806000000c272ac0c0001000049444154789cecfde9b36d4976,PNG,PNG_SIGNATURE,,0,CLEAN
G:\Users\win10secu3\Documents\File\File060,File060,3072,35c1692f61a508740541e3ce33ebd664db88b7d78bbd99994b9082c42b99efdd,4d5a90000300000004000000ffff0000b8000000000000004000000000000000000000000000000000000000000000000000,EXE,PE_MZ_HEADER,,0,CLEAN
G:\Users\win10secu3\Documents\File\File061,File061,106,d3dd96a21af17539c75ef957bd5a90b745c590af2667c282b160bdb2f0732067,406563686f206f66660d0a736574202f612064656c61793d2572616e646f6d252025252035202b20310d0a74696d656f7574,BAT,BAT_ECHO_OFF,,0,CLEAN
G:\Users\win10secu3\Documents\File\File062,File062,11272,145cca35fc844f511e8af7756374d27125a440b088410ade80c15527fb39e224,4d5a90000300000004000000ffff0000b8000000000000004000000000000000000000000000000000000000000000000000,EXE,PE_MZ_HEADER,URL_PROTOCOL,1,CLEAN
G:\Users\win10secu3\Documents\File\File063,File063,1962050,f1330cf05c37e77a9b29e7078d564282ca9c897ceebf50fa1e2078d21e48cffd,494433312e340d258084888c9094989ca0a4a8acb0b4b8bcc0c4c8ccd0d4d8dce0e4e8ecf0f4f8fc0d0d312030206f626a0d,MP3,MP3_ID3V2,URL_PROTOCOL,1,CLEAN
G:\Users\win10secu3\Documents\File\File064,File064,2138,06b41becd146579b61b1ff06b083406ec810d047b89adef3eaa0e50a3d6ade33,5b4c6f63616c697a656446696c654e616d65735d0d0a62696f6368656d5f6d65642d32332d322d3134332d332e7064663d40,TXT,TXT_HEURISTIC,SUSPICIOUS_TERMS,1,CLEAN
G:\Users\win10secu3\Documents\File\File065,File065,756,ae1723cc3fb17ca87d6be46de09162dcb52f4b5291c58a095e12cbe3bb5e2414,495343204c6963656e73650d0a0d0a436f7079726967687420286329205b796561725d205b66756c6c6e616d655d0d0a0d0a,TXT,TXT_HEURISTIC,,0,CLEAN
G:\Users\win10secu3\Documents\File\File066,File066,3259060,dacc4061e08088885f6338bdee771df124755e4b59c8abdd6bf96b9b81ddf538,255044462d312e370a25e2e3cfd30a362030206f626a0a3c3c2f46696c7465722f466c6174654465636f64652f4c656e6774,PDF,PDF_HEADER_V1,SUSPICIOUS_TERMS,1,CLEAN
G:\Users\win10secu3\Documents\File\File067,File067,366608,78d9ccc3aea19b6656afb4cb7a7afddf0eb3fa2ee3c348a628b3beeacd0e98a2,4d5a93000300000020000000ffff070000016540000000004000000001000000000000000000000000000000000000000000,EXE,PE_MZ_HEADER,,0,CLEAN
G:\Users\win10secu3\Documents\File\File068,File068,1485481,e9099b712728530d628b1198561e6c2cac999f54e07a0a3923b9ad6f2d36004b,89504e470d0a1a0a0000000d4948445200000388000004ec0806000000c272ac0c0001000049444154789cecfd59af244b92,PNG,PNG_SIGNATURE,,0,CLEAN
G:\Users\win10secu3\Documents\File\File069,File069,170993,4597944501acf1ef4475162997e25e581a6f5d7d760f85826e6960ef5a49d1fe,89504e470d0a1a0ae000104a46494600010100000100010000ffdb004300080606070605080707070909080a0c140d0c0b0b,PNG,PNG_SIGNATURE,,0,CLEAN
G:\Users\win10secu3\Documents\File\File070,File070,1645439,c4cc527b4b4c5cab414a2ca920a3596df19ed8f5808509672b6b25b7feeca047,89504e470d0a1a0a0000000d4948445200000388000004ec0806000000c272ac0c0001000049444154789cecfd49b3654b76,PNG,PNG_SIGNATURE,,0,CLEAN
G:\Users\win10secu3\Documents\File\File071,File071,11792,f650b7d8b20d0dc12ecdd0f683c3a1252d4fa0d9941378541738f38614af3c67,4d5a90000300000004000000ffff0000b8000000000000004000000000000000000000000000000000000000000000000000,EXE,PE_MZ_HEADER,URL_PROTOCOL,1,CLEAN
G:\Users\win10secu3\Documents\File\File072,File072,1655833,cfe80c6d2e2233791b84e68c40dbba5be93805c5f8ad829cf525b9dfd67c25a8,89504e470d0a1a0a0000000d4948445200000388000004ec0806000000c272ac0c0001000049444154789cecfd699725c971,PNG,PNG_SIGNATURE,,0,CLEAN
G:\Users\win10secu3\Documents\File\File073,File073,157801,bd678df29699f8c9af45ec4bf10f8b7a197bb0d07850fa5c64fd013910bc5e5c,ffd8ffe000104a46494600010100000100010000ffdb004300080606070605080707070909080a0c140d0c0b0b0c1912130f,JPEG,JPEG_GENERIC,,0,CLEAN
G:\Users\win10secu3\Documents\File\File074,File074,7213107,1a8bd54fb55f42a50ab36aae0ec2e366a7e16f2169086aa448d062be79b1ab1a,504b03040a000000000000002100ffffffff2d0200002d020000100000005b74726173685d2f303030302e646174ffffffff,ZIP,ZIP_PK_HEADER,,0,CLEAN
G:\Users\win10secu3\Documents\File\File075,File075,341331,44703ef6d22f6859c137eb844f3939d0e7aa21fb7f6bed16861758bb9e5229c5,4d5a90000300000004000000ffff0000b8000000000000004000000000000000000000000000000000000000000000000000,EXE,PE_MZ_HEADER,URL_PROTOCOL;API_WINEXEC;REG_SET_VALUE,3,SUSPICIOUS
G:\Users\win10secu3\Documents\File\File076,File076,115731,f7bd687eddd64d561b50372ddaef38b90ae58a358099a06dbf33a894856b9760,504b0304140008080800ab0b765900000000000000000000000010000000776f72642f686561646572312e786d6ccd96db8e,ZIP,OOXML_DOCX_HINT,,0,CLEAN
G:\Users\win10secu3\Documents\File\File077,File077,603,611d489613cbef351d56d9e5b5e51e44d95376d60b70cee8c1bf4fd9a3d128e0,efbbbf3c230a2e53594e4f505349530a09496e7374616c6c73204368726f6d650a2e4445534352495054494f4e0a09546869,PS1,PS1_UTF8_BOM,URL_PROTOCOL,1,CLEAN
G:\Users\win10secu3\Documents\File\File078,File078,160610,18bda15f6aed8448f4d714569c4ca343ad8e7dc0ebdd7016fe4ecf8ba51b2c2d,ffd8ffe000104a46494600010100000100010000ffdb004300080606070605080707070909080a0c140d0c0b0b0c1912130f,JPEG,JPEG_GENERIC,,0,CLEAN
G:\Users\win10secu3\Documents\File\File079,File079,339655,96cb4aaffd42b83c1f3325208d88d1d37bdc985d1e09bf3a01c42c3f4ce0a943,fffb90000300000004000000ffff0000b8000000000000004000000000000000000000000000000000000000000000000000,MP3,MP3_ID3V1,URL_PROTOCOL;API_WINEXEC;REG_SET_VALUE,3,SUSPICIOUS
G:\Users\win10secu3\Documents\File\File080,File080,11792,4879d504f9bfb07bea63f737a7d075d02bd3ec8fdbec4acbcf13c22e2bece3b8,4d5a90000300000004000000ffff0000b8000000000000004000000000000000000000000000000000000000000000000000,EXE,PE_MZ_HEADER,URL_PROTOCOL,1,CLEAN
G:\Users\win10secu3\Documents\File\File081,File081,3072,9a253a8e0737cd0f157afcdcccc509e8da3e15aa072c5d1aeb3921aa9364216b,4d5a90000300000004000000ffff0000b8000000000000004000000000000000000000000000000000000000000000000000,EXE,PE_MZ_HEADER,,0,CLEAN
G:\Users\win10secu3\Documents\File\File082,File082,147,a8e59a9df5508fc37a2bbbd42cb25427b0916d474b012ba2bf826190145594cb,406563686f206f66660d0a7365742070617468733d433a5c57696e646f77735c20433a5c55736572735c20433a5c50726f67,BAT,BAT_ECHO_OFF,,0,CLEAN
G:\Users\win10secu3\Documents\File\File083,File083,124,07c2b8430a74a8ac1622b5223d7b11b1cdfbc24db0e0b34ef72697c35799a91f,406563686f206f66660d0a736574202f61206e756d3d2572616e646f6d25202525203236202b2036350d0a666f72202f6620,BAT,BAT_ECHO_OFF,,0,CLEAN
G:\Users\win10secu3\Documents\File\File084,File084,417316,8d274a84770ef915b9a2470fa11e0127ca78cff6717552b57a8a155aa3381533,255044462d312e330a25e2e3cfd30a312030206f626a0a3c3c0a2f54797065202f50616765730a2f436f756e742033330a2f,PDF,PDF_HEADER_V1,,0,CLEAN
G:\Users\win10secu3\Documents\File\File085,File085,406205,ef72773db6a85f9958aa9902903f0e901526100d826007770c095467ed72e9e3,504b030414000600080000002100b5cf3e7b02010000bb0200000b00ed015f72656c732f2e72656c7320a2e90128a0000200,ZIP,ZIP_PK_HEADER,,0,CLEAN
G:\Users\win10secu3\Documents\File\File086,File086,677,5c2ca1f15d4e9c3964785018c1f0a0309b2c64279c1b93cf3116fb71b60b9a0d,425344205a65726f20436c61757365204c6963656e73650d0a0d0a436f7079726967687420286329205b796561725d205b66,TXT,TXT_HEURISTIC,,0,CLEAN
G:\Users\win10secu3\Documents\File\File087,File087,288249,0b56a46148fe47c91eb72148db0d6948ba562aea7431e4b71eb5cd855ac0f1a3,504b0304140006000800000021008fbff13623040000c54e0000130008025b436f6e74656e745f54797065735d2e786d6c20,ZIP,ZIP_PK_HEADER,URL_PROTOCOL,1,CLEAN
G:\Users\win10secu3\Documents\File\File088,File088,100,5cdf52caf1a723074afda063ada5d669fa3035e4122618a1379530863b6ff471,406563686f206f66660d0a666f72202f6c2025256920696e2028312c312c33322920646f20280d0a20202020736574202f61,BAT,BAT_ECHO_OFF,,0,CLEAN
G:\Users\win10secu3\Documents\File\File089,File089,180248,34452eded8f8e27c105408e04149ed8de01b80fb4f05e8683ba24e831554734c,ffd8ffe000104a46494600010100000100010000ffdb004300080606070605080707070909080a0c140d0c0b0b0c1912130f,JPEG,JPEG_GENERIC,,0,CLEAN
G:\Users\win10secu3\Documents\File\File090,File090,169745,bd72109e3820a742b32a683a315f5bc0512250da6dcb4c46744af3e85f22da12,ffd8ffe000104a46494600010100000100010000ffdb004300080606070605080707070909080a0c140d0c0b0b0c1912130f,JPEG,JPEG_GENERIC,,0,CLEAN
G:\Users\win10secu3\Documents\File\File091,File091,494,22711f384d3443a30000d7829ff71f09745995c935bfd2e5f730884a4aa557a9,202020202020202020202020444f205748415420544845204655434b20594f552057414e5420544f205055424c4943204c49,TXT,TXT_HEURISTIC,,0,CLEAN
G:\Users\win10secu3\Documents\File\File092,File092,412847,4cd742b67eab294606c6f7813618af6d5824c2fefdc7469941a7f4394d8c3d12,4d5a90000300000004000000ffff0000b8000000000000004000000000000000000000000000000000000000000000000000,EXE,PE_MZ_HEADER,URL_PROTOCOL;API_WINEXEC;REG_SET_VALUE,3,SUSPICIOUS
G:\Users\win10secu3\Documents\File\File093,File093,3038333,a3c1db4b5a48165f66b1c52610c8c3c4232417756cf6f638a273020cd7eb8707,504b0304140006000800000021009d7c732ae3010000b50c0000130008025b436f6e74656e745f54797065735d2e786d6c20,ZIP,ZIP_PK_HEADER,,0,CLEAN
G:\Users\win10secu3\Documents\File\File094,File094,62950,c5f3ac4a574e2bc4485f118c2861d93f6bdc8668cd28bb307fbd685fc98a26ed,504b03041400060008000000210081717d3cf8010000ba0c00001300cd015b436f6e74656e745f54797065735d2e786d6c20,ZIP,ZIP_PK_HEADER,,0,CLEAN
G:\Users\win10secu3\Documents\File\File095,File095,259805,bc00e73aa9064d4acca54d5b4d69bf2e7182f31169fd8ad0a214ed6b306a7b0c,4d5a90000300000004000000ffff0000b8000000000000004000000000000000000000000000000000000000000000000000,EXE,PE_MZ_HEADER,API_WINEXEC;REG_SET_VALUE,2,SUSPICIOUS
G:\Users\win10secu3\Documents\File\File096,File096,187180,188899ce3ec824a842b71508e6a2b8fe96bb96d4bd7be338042a88df447f11b2,504b030414000600080000002100d571953ee10100007a090000130008025b436f6e74656e745f54797065735d2e786d6c20,ZIP,ZIP_PK_HEADER,,0,CLEAN
G:\Users\win10secu3\Documents\File\File097,File097,132678,98758513eab9dec8874b5bbe1c651544721007d344f9d8945c95c76a70a20bf9,ffd9ffe000104a46494600010100000100010000ffdb004300080606070605080707070909080a0c140d0c0b0b0c1912130f,JPEG,JPEG_JFIF,,0,CLEAN
G:\Users\win10secu3\Documents\File\File098,File098,1684054,a920e0ea11d2ba741547e289f88de354c5719366a8b3d32cf37db91cd68bd219,89504e470d0a1a0a0000000d4948445200000388000004ec0806000000c272ac0c0001000049444154789cecfd69ac6ddb75,PNG,PNG_SIGNATURE,,0,CLEAN
G:\Users\win10secu3\Documents\File\File099,File099,352,1458551d93f12aeada0bacd52b1e17f75167cc90fc09cf7504cce2b296352f65,0a22312e20496e7374616c6c20616e6420636f6e66696775726520746865206e656365737361727920646570656e64656e63,TXT,TXT_HEURISTIC,URL_PROTOCOL,1,CLEAN
G:\Users\win10secu3\Documents\File\File100,File100,27963,8d5335dba28ff705ead7a9f4c83872cdb0908e34f21421580a52c2ec8e72e446,504b0304140006000800000021001e27607088010000ae050000130008025b436f6e74656e745f54797065735d2e786d6c20,ZIP,ZIP_PK_HEADER,,0,CLEAN
G:\Users\win10secu3\Documents\File\File101,File101,12816,655ce7fca0959a0eeb39b41dc7bdf3e094558875fb433067b6abce1be34c7c08,4d5a90000300000004000000ffff0000b8000000000000004000000000000000000000000000000000000000000000000000,EXE,PE_MZ_HEADER,URL_PROTOCOL;REG_SET_VALUE,2,SUSPICIOUS
G:\Users\win10secu3\Documents\File\File102,File102,196042,6f07fef56af1ab119fa864ceb2d4e47a1877573ad12d4adae77d44e854c19552,52494646574156452d312e360d25e2e3cfd30d0a35392030206f626a203c3c2f4c696e656172697a656420312f4c20313936,RIFF,RIFF_GENERIC,URL_PROTOCOL,1,CLEAN
G:\Users\win10secu3\Documents\File\File103,File103,7474390,fc04c312670430be2afbd2119e448d49c95d53351777cf308b0f95c94ce254ff,255044462d312e340a25f6e4fcdf0a312030206f626a0a3c3c0a2f54797065202f436174616c6f670a2f56657273696f6e20,PDF,PDF_HEADER_V1,URL_PROTOCOL,1,CLEAN
G:\Users\win10secu3\Documents\File\File104,File104,1286316,b8c95670d177067441851cf45d2da12f39ec89bf3c9e85dea17a531ffadddfee,504b0304140006000800000021002b54510ed9020000a62400001300ba015b436f6e74656e745f54797065735d2e786d6c20,ZIP,ZIP_PK_HEADER,,0,CLEAN
G:\Users\win10secu3\Documents\File\File105,File105,1426547,67cc5157e5d6ac139820be90071de05cf2d90400bb01f87610ec0b9f1aea9dc2,89504e470d0a1a0a0000000d4948445200000388000004ec0806000000c272ac0c0001000049444154789cecfdf993245b76,PNG,PNG_SIGNATURE,,0,CLEAN
G:\Users\win10secu3\Documents\File\File106,File106,28944,f14a00c695926cd69546d07703f863828470524760afbce999abb84a6c13d900,450063006c00690070007300650020005000750062006c006900630020004c006900630065006e007300650020002d002000,UNKNOWN,,,0,CLEAN
G:\Users\win10secu3\Documents\File\File107,File107,142129,9ae9a368cd561264a95abb5e5198f0b449c17afb9eb4eb93352f399978eac44a,ffd8ffe000104a46494600010100000100010000ffdb004300080606070605080707070909080a0c140d0c0b0b0c1912130f,JPEG,JPEG_GENERIC,,0,CLEAN
G:\Users\win10secu3\Documents\File\File108,File108,1544836,c4652a51f423257ee8f535c8ebab08230171ab681f25bfaed0caeaa7f4d91ecf,89504e470d0a1a0a0000000d4948445200000388000004ec0806000000c272ac0c0001000049444154789cecfde9b22c4992,PNG,PNG_SIGNATURE,,0,CLEAN
G:\Users\win10secu3\Documents\File\File109,File109,556987,03ef8efddfe82b94dd5ab780706f928bfb3c614e21fae4686e9812f06fc000b4,52494646574156452d312e330a25e2e3cfd30a312030206f626a0a3c3c0a2f54797065202f50616765730a2f436f756e7420,RIFF,RIFF_GENERIC,,0,CLEAN
G:\Users\win10secu3\Documents\File\File110,File110,2828,e64f9accbe14dc70a30ded34c08ff2a374e1b69a9ba777693eee04f83986d5af,4d6963726f736f6674205075626c6963204c6963656e736520284d732d504c290d0a0d0a54686973206c6963656e73652067,TXT,TXT_HEURISTIC,,0,CLEAN
G:\Users\win10secu3\Documents\File\File111,File111,146438,be4813b07294520099ee561ef594396d61726eb042568cdca2bd27af6582e2d5,504b030414000600080000002100458c023abc010000640800001300dc015b436f6e74656e745f54797065735d2e786d6c20,ZIP,ZIP_PK_HEADER,,0,CLEAN
G:\Users\win10secu3\Documents\File\File112,File112,41,c46cfe45b8b38d43397873bcb7fa2e4d17a4d20727e77ab8d86a66bc8acd9a32,406563686f206f66660d0a6563686f2052616e646f6d20537472696e673a202572616e646f6d250d0a,BAT,BAT_ECHO_OFF,,0,CLEAN
G:\Users\win10secu3\Documents\File\File113,File113,160547,c556339e370a7f8bc3fd9c1966adad947090eb47a158f906f0a21e292cdc54ee,ffd8ffe000104a46494600010100000100010000ffdb004300080606070605080707070909080a0c140d0c0b0b0c1912130f,JPEG,JPEG_GENERIC,,0,CLEAN
G:\Users\win10secu3\Documents\File\File114,File114,527117,7662e8701c4b0dd703a57a78f4be877a743315267c28fb78ced2ba2f286bb8dc,255044462d312e330a25e2e3cfd30a312030206f626a0a3c3c0a2f54797065202f50616765730a2f436f756e742032300a2f,PDF,PDF_HEADER_V1,,0,CLEAN
G:\Users\win10secu3\Documents\File\File115,File115,1063014,ad1d9a68a9007982adbf3af743d79b5e21bd8048c8ebf513cbed290406c26a4b,4d5a90000300000004000000ffff0000b8000000000000004000000000000000000000000000000000000000000000000000,EXE,PE_MZ_HEADER,URL_PROTOCOL;API_WINEXEC;REG_SET_VALUE,3,SUSPICIOUS
G:\Users\win10secu3\Documents\File\File116,File116,694240,358f93a1d4b7abbfbb30e5e1cf307101626b20898ae1979c4cc53238f24ea25e,504b0304140006000800000021007476540cd00100006c0b0000130008025b436f6e74656e745f54797065735d2e786d6c20,ZIP,ZIP_PK_HEADER,,0,CLEAN
G:\Users\win10secu3\Documents\File\File117,File117,64531,9d21d85165b09487ce74a8b955757454616cda16525b02d2e2043f21de7c0bff,504b0304140006000800000021009cbd3ce3ce010000c40b0000130008025b436f6e74656e745f54797065735d2e786d6c20,ZIP,ZIP_PK_HEADER,,0,CLEAN
G:\Users\win10secu3\Documents\File\File118,File118,1080656,624ee8195382d2c555046293546c65c215e25751b75c0aedaa8a842cc22aca11,4d5a90000300000004000000ffff0000b8000000000000004000000000000000000000000000000000000000000000000000,EXE,PE_MZ_HEADER,API_WINEXEC;REG_SET_VALUE,2,SUSPICIOUS
G:\Users\win10secu3\Documents\File\File119,File119,555,1b94ffee23b76220566a8507d7e1b0b1940a971e1a700d4496658fcd3b5f5f8c,efbbbf3c230a2e53594e4f505349530a09496e7374616c6c7320547769747465720a2e4445534352495054494f4e0a095468,PS1,PS1_UTF8_BOM,URL_PROTOCOL,1,CLEAN
G:\Users\win10secu3\Documents\File\File120,File120,572,13a6ac51b47813e8e2bc1fea590c05cc6bc8e3ad964e3518de976d3ebb66f8f9,efbbbf3c230a2e53594e4f505349530a09496e7374616c6c73205468756e646572626972640a2e4445534352495054494f4e,PS1,PS1_UTF8_BOM,URL_PROTOCOL,1,CLEAN
G:\Users\win10secu3\Documents\File\File121,File121,345850,efbbc257b678eba3fd5a0d5ed8d5490a4a55fad8e4cd1e491a6b8cfcb3ac6945,504b0304140006000800000021009f04c7c538020000541000001300c2015b436f6e74656e745f54797065735d2e786d6c20,ZIP,ZIP_PK_HEADER,,0,CLEAN
G:\Users\win10secu3\Documents\File\File122,File122,572074,af914f86a773bb8a035937c1603ae4cc1576b83dc6e4149bbf3d5f1219500015,504b030414000808080048a5755900000000000000000000000012000000776f72642f6e756d626572696e672e786d6ced9b,ZIP,OOXML_DOCX_HINT,,0,CLEAN
G:\Users\win10secu3\Documents\File\File123,File123,521414,2c174db14e47a3582b5949c040ee19766c0a1e79810b924609c737ef14a77de6,255044462d312e350d0a25b5b5b5b50d0a312030206f626a0d0a3c3c2f547970652f436174616c6f672f5061676573203220,PDF,PDF_HEADER_V1,,0,CLEAN
G:\Users\win10secu3\Documents\File\File124,File124,173180,115d22a6395054520a5e9e5e3e3d802ed1e2152455daea71b1bbb3fb3818cfcd,ffd8ffe000104a46494600010100000100010000ffdb004300080606070605080707070909080a0c140d0c0b0b0c1912130f,JPEG,JPEG_GENERIC,,0,CLEAN
G:\Users\win10secu3\Documents\File\File125,File125,1591997,314241eeef941f55c2be2c9da7d161d5c55e91c020f2fb5e8af91e418a695f4e,89504e470d0a1a0a0000000d4948445200000388000004ec0806000000c272ac0c0001000049444154789cecfd67b465c975,PNG,PNG_SIGNATURE,,0,CLEAN
G:\Users\win10secu3\Documents\File\File126,File126,1502871,ec201bdcb6f90ca2416ded4104e63c1a1f08ea14f4c22a2cbda99ee6c8259b6f,89504e470d0a1a0a0000000d4948445200000388000004ec0806000000c272ac0c0001000049444154789cecfd77b025c979,PNG,PNG_SIGNATURE,,0,CLEAN
G:\Users\win10secu3\Documents\File\File127,File127,154510,e188f2817b33216c311c017d1b92e112abcb5bee1a2d4437efc58ab7490cc273,ffd8ffe000104a46494600010100000100010000ffdb004300080606070605080707070909080a0c140d0c0b0b0c1912130f,JPEG,JPEG_GENERIC,,0,CLEAN
G:\Users\win10secu3\Documents\File\File128,File128,87,aecfaf78992755f73ee068196d43a6775e2ece96c2770171529e2517633396b6,406563686f206f66660d0a736574202f6120636f64653d2572616e646f6d25202525203235350d0a6563686f204578697469,BAT,BAT_ECHO_OFF,,0,CLEAN
G:\Users\win10secu3\Documents\File\File129,File129,217395,34768eb405fa77fd6375a3d87e40ad1df08c268171dfaf20230774e6c7612a8f,255044462d312e330a25e2e3cfd30a312030206f626a0a3c3c0a2f54797065202f50616765730a2f436f756e742031390a2f,PDF,PDF_HEADER_V1,URL_PROTOCOL,1,CLEAN
G:\Users\win10secu3\Documents\File\File130,File130,100153,1e6534a07ccd6b616c9a80228698c73903dce2aad3053db598e9ae8ab4788c1e,504b0304140006000800000021003d578734c6010000bf080000130008025b436f6e74656e745f54797065735d2e786d6c20,ZIP,ZIP_PK_HEADER,,0,CLEAN
G:\Users\win10secu3\Documents\File\File131,File131,26769,ca081c2d441688ece3475cdbd3136d3249fe993605e1053eeafbbb441f9486d8,504b030414000600080000002100a674045285010000ac070000130008025b436f6e74656e745f54797065735d2e786d6c20,ZIP,ZIP_PK_HEADER,,0,CLEAN
G:\Users\win10secu3\Documents\File\File132,File132,588152,d795e506a98b382038c9b29117996c95f2edf9388105fc61347539c8312fbc83,255044462d312e360d25e2e3cfd30d0a3433312030206f626a0d3c3c2f4c696e656172697a656420312f4c20353838313532,PDF,PDF_HEADER_V1,URL_PROTOCOL,1,CLEAN
G:\Users\win10secu3\Documents\File\File133,File133,159149,0dcaf05f6c9f659cb8e342464316504b7ee03cb0aaae1731307206bb8130d74c,ffd8ffe000104a46494600010100000100010000ffdb004300080606070605080707070909080a0c140d0c0b0b0c1912130f,JPEG,JPEG_GENERIC,,0,CLEAN
G:\Users\win10secu3\Documents\File\File134,File134,744699,338d8b3851a2bed5444ff6364c5b70d6e5e1901195611e4a0a7592423375cab9,504b0304140006000800000021003d578734c6010000bf080000130008025b436f6e74656e745f54797065735d2e786d6c20,ZIP,ZIP_PK_HEADER,,0,CLEAN
G:\Users\win10secu3\Documents\File\File135,File135,5765224,dbcc6774709f846bfd632ba7f29bc152b24a5afcd431e1c875a7e67e97c9f6b3,255044462d312e370d25e2e3cfd30d0a312030206f626a0a3c3c2f4163726f466f726d2035203020522f4c616e6728656e29,PDF,PDF_HEADER_V1,URL_PROTOCOL,1,CLEAN
G:\Users\win10secu3\Documents\File\File136,File136,1809714,e9e9b42ee499b4d0e717bbfece1011af2127c9bc70dd9d1e8feb0a59e654c2f7,0000000d4948445200000388000004ec0806000000c272ac0c0001000049444154789cecfd5bb32449921e887daa66ee1e71,UNKNOWN,,,0,CLEAN
G:\Users\win10secu3\Documents\File\File137,File137,1359,36266a8fd073568394cb81cdb2b124f7fdae2c64c1a7ed09db34b4d22efa2951,426f6f737420536f667477617265204c6963656e7365202d2056657273696f6e20312e30202d204175677573742031377468,TXT,TXT_HEURISTIC,,0,CLEAN
G:\Users\win10secu3\Documents\File\File138,File138,663177,41074035c291360d30b057eab0418219e3c531bb3186be50bb15bffbb8d7fb64,255044462d312e370a25e2e3cfd30a312030206f626a0a3c3c2f436f6c6f7253706163652f446576696365477261792f5375,PDF,PDF_HEADER_V1,URL_PROTOCOL;SUSPICIOUS_TERMS,2,SUSPICIOUS
G:\Users\win10secu3\Documents\File\File139,File139,168,2c214b7b450719ebdfde3e695e521d5b68592086983ee6bec6b9cc8a9983fab2,406563686f206f66660d0a7365742073656e74656e6365733d48656c6c6f7c486f772061726520796f753f7c4e6963652077,BAT,BAT_ECHO_OFF,,0,CLEAN
G:\Users\win10secu3\Documents\File\File140,File140,157962,2616a07362b644bcaf0bdb9f045cf066d1dc270dc3ccce937d4922d73954007b,ffd8ffe000104a46494600010100000100010000ffdb004300080606070605080707070909080a0c140d0c0b0b0c1912130f,JPEG,JPEG_GENERIC,,0,CLEAN
G:\Users\win10secu3\Documents\File\File141,File141,472874,e9b15661934525f6e87edabbc0ada0a8604398b2f1f47435803a9cec645a3881,4d5a90000300000004000000ffff0000b8000000000000004000000000000000000000000000000000000000000000000000,EXE,PE_MZ_HEADER,URL_PROTOCOL;API_WINEXEC;REG_SET_VALUE,3,SUSPICIOUS
G:\Users\win10secu3\Documents\File\File142,File142,2693126,c6d39b4da918770a0a8ba7af099d3fe93723b0fa335814e073d2aa75d1c18bd9,504b03040a00000008000000210003e47bfec703000091130000140000007070742f70726573656e746174696f6e2e786d6c,ZIP,OOXML_PPTX_HINT,URL_PROTOCOL,1,CLEAN
G:\Users\win10secu3\Documents\File\File143,File143,1635658,81759f96075607fb7a984d8e9a6471e85a637146fec753e48eefe4d05a37e626,ffd8ff0000000d4948445200000388000004ec0806000000c272ac0c0001000049444154789cecfd599324499226887dcc22,JPEG,JPEG_GENERIC,,0,CLEAN
G:\Users\win10secu3\Documents\File\File144,File144,2490902,fdf18d8256d5950e63a8ae81982706e49c206760e03896555156f2d935718b9c,504b03040a000000000000002100ffffffff1c0200001c020000100000005b74726173685d2f303030302e646174ffffffff,ZIP,ZIP_PK_HEADER,,0,CLEAN
G:\Users\win10secu3\Documents\File\File145,File145,82840,dff503b08e4f8818a56b64390d279d741919f743891329a4280bbb0061f6b2c0,504b030414000600080000002100ffbf187a2e020000570d00001300c2015b436f6e74656e745f54797065735d2e786d6c20,ZIP,ZIP_PK_HEADER,,0,CLEAN
G:\Users\win10secu3\Documents\File\File146,File146,3072,31096b3f8270edc5ddcb3dbd462c41afb39b2caabb928aa6938010a7e24578f2,4d5a90000300000004000000ffff0000b8000000000000004000000000000000000000000000000000000000000000000000,EXE,PE_MZ_HEADER,,0,CLEAN
G:\Users\win10secu3\Documents\File\File147,File147,156,2ddbd5f4ce4eccba52f3cc7ecf4929dfb571361d97a33ab3246617f70c9d482f,406563686f206f66660d0a736574206d6573736167653d4c6f6164696e672072616e646f6d20746578742e2e2e0d0a666f72,BAT,BAT_ECHO_OFF,IPV4_LITERAL,1,CLEAN
G:\Users\win10secu3\Documents\File\File148,File148,315392,9e345ad76741371fbba34da23c39ccc3897ae35846ee44ab79fbfe18d3a9fd4e,fffb90000300000004000000ffff0000b8000000000000004000000000000000000000000000000000000000000000000000,MP3,MP3_ID3V1,REG_SET_VALUE,1,CLEAN
G:\Users\win10secu3\Documents\File\File149,File149,27228,ca651505e86f7be138e5fc8a11b450a175064952e4bf882c332aba1831497212,504b0304140008080800ce13765900000000000000000000000010000000776f72642f666f6f746572312e786d6ced57ff6e,ZIP,OOXML_DOCX_HINT,,0,CLEAN
G:\Users\win10secu3\Documents\File\File150,File150,955283,9db6a42860fa24a4f1b731f6ec736bd1235f95806c66b6d27064dde5917a974e,504b03040a000000000000002100ffffffff2002000020020000100000005b74726173685d2f303030302e646174ffffffff,ZIP,ZIP_PK_HEADER,,0,CLEAN
G:\Users\win10secu3\Documents\File\File151,File151,4723372,861b99687b257f226a124b0bf7d028d46bef5cfb31cccf4e68bd448af06fc2d4,504b030414000600080000002100b7bbc7dca402000000250000130008025b436f6e74656e745f54797065735d2e786d6c20,ZIP,ZIP_PK_HEADER,URL_PROTOCOL,1,CLEAN
G:\Users\win10secu3\Documents\File\File152,File152,151135,6329dda11c90cc6461e58fbebfb0ed1ae744d5177b647748826eb22472b128c4,ffd8ffe000104a46494600010100000100010000ffdb004300080606070605080707070909080a0c140d0c0b0b0c1912130f,JPEG,JPEG_GENERIC,,0,CLEAN
G:\Users\win10secu3\Documents\File\File153,File153,40590,2d722a116f991e38f3f64fd486109be6280d91c1804682b4e40f67a7682d899f,504b0304140008080800babb755500000000000000000000000010000000786c2f636f6d6d656e7473312e786d6c8d53cb6e,ZIP,OOXML_XLSX_HINT,,0,CLEAN
G:\Users\win10secu3\Documents\File\File154,File154,22534,42f2787a27c9889b60b1ef6da602c57c9a4fe0b6a945c7cc0fda60a8980d7e35,45006400750063006100740069006f006e0061006c00200043006f006d006d0075006e0069007400790020004c0069006300,UNKNOWN,,,0,CLEAN
G:\Users\win10secu3\Documents\File\File155,File155,301568,3e30293590a4f124e5ad3a783f312f0a4607331799d31e103011a90af5aa8e92,4d5a50000200000004000f00ffff0000b80000000000000040001a0000000000000000000000000000000000000000000000,EXE,PE_MZ_HEADER,,0,CLEAN
G:\Users\win10secu3\Documents\File\File156,File156,347444,2dc04d6ab4d83b63c572f6a2aa0817c70394b8cb7342ea603a04e8cee59d764e,255044462d312e370a25f6e4fcdf0a312030206f626a0a3c3c0a2f54797065202f436174616c6f670a2f5061676573203220,PDF,PDF_HEADER_V1,URL_PROTOCOL,1,CLEAN
G:\Users\win10secu3\Documents\File\File157,File157,10483,320bee996580871e3863b5d8bcb333a83519bff327e2764bb82f84065f44d25d,41636164656d69632046726565204c6963656e736520282241464c222920762e20332e300d0a0d0a54686973204163616465,TXT,TXT_HEURISTIC,,0,CLEAN
G:\Users\win10secu3\Documents\File\File158,File158,631,164de5ced33b91f414e4837d123d2d77b44a1abc6bd23ccb8183f0e1355d0d9b,efbbbf3c230a2e53594e4f505349530a09496e7374616c6c732053706f746966790a2e4445534352495054494f4e0a095468,PS1,PS1_UTF8_BOM,URL_PROTOCOL,1,CLEAN
G:\Users\win10secu3\Documents\File\File159,File159,317088,c50e84b679470efe6494352ebef66cda2b5bda1dd30981036ff4faaca28d9544,4d5a8b000300000020000000ffff070000016540000000004000000001000000000000000000000000000000000000000000,EXE,PE_MZ_HEADER,,0,CLEAN
G:\Users\win10secu3\Documents\File\File160,File160,4096,d0e714e047c50e9635d0eb408a19a5487f64950d40aa7e3f5fb03fd80550d9ed,4d5a90000300000004000000ffff0000b8000000000000004000000000000000000000000000000000000000000000000000,EXE,PE_MZ_HEADER,,0,CLEAN
G:\Users\win10secu3\Documents\File\File161,File161,50971,b424fe8fe48d94e754bf63fc1d31eca150177edbd63065873931b833b1d92c8d,504b030414000600080000002100b5cf3e7b02010000bb0200000b0008025f72656c732f2e72656c7320a2040228a0000200,ZIP,ZIP_PK_HEADER,,0,CLEAN
G:\Users\win10secu3\Documents\File\File162,File162,28514,19cfcbd8a84eafdc7d99627b9a8e6a3b38d2414e124a412cd928ff0c3107467e,504b030414000600080000002100a404cfe97101000098050000130008025b436f6e74656e745f54797065735d2e786d6c20,ZIP,ZIP_PK_HEADER,,0,CLEAN
G:\Users\win10secu3\Documents\File\File163,File163,174733,a318143f9603d13e7c8f2afbcb27d8dd4045676773ea4170e60543e39f9d5aef,ffd8ffe000104a46494600010100000100010000ffdb004300080606070605080707070909080a0c140d0c0b0b0c1912130f,JPEG,JPEG_GENERIC,,0,CLEAN
G:\Users\win10secu3\Documents\File\File164,File164,12440,2d6f7296759859738048cf02b07f381cab62045037950e590f419df824adfc36,4d5a90000300000004000000ffff0000b8000000000000004000000000000000000000000000000000000000000000000000,EXE,PE_MZ_HEADER,URL_PROTOCOL,1,CLEAN
G:\Users\win10secu3\Documents\File\File165,File165,696,1adecb3b5a3882cedce9fd64cddafebdcb045fe7035aac8f02ffe64dc827593c,efbbbf3c230d0a2e53594e4f505349530d0a2020202020202020496e7374616c6c732043686f636f6c6174657920286e6565,PS1,PS1_UTF8_BOM,URL_PROTOCOL,1,CLEAN
G:\Users\win10secu3\Documents\File\File166,File166,3072,565d4e064b9757bf3e30ff5f229f401c113aa6f073eb823f6d8994be5b189f0b,4d5a90000300000004000000ffff0000b8000000000000004000000000000000000000000000000000000000000000000000,EXE,PE_MZ_HEADER,,0,CLEAN
G:\Users\win10secu3\Documents\File\File167,File167,1233,147a3761456127bcb8ada2c34728a301d01acd316946aad7d605c3a9ce37e6f2,54686973206973206672656520616e6420756e656e63756d626572656420736f6674776172652072656c656173656420696e,TXT,TXT_HEURISTIC,URL_PROTOCOL,1,CLEAN
G:\Users\win10secu3\Documents\File\File168,File168,7815,f831e7eed577481687a9bc0b48024e5e40b6f655fcde073ede964b50be5d55d9,20202020202020202020202020202020202020474e55204c45535345522047454e4552414c205055424c4943204c4943454e,TXT,TXT_HEURISTIC,URL_PROTOCOL,1,CLEAN
G:\Users\win10secu3\Documents\File\File169,File169,781,5ca9c2b5b336be53bfe6310c3ea4a51f85d003898e267d9871803d05b1c1214f,efbbbf3c230a2e53594e4f505349530a095072696e747320746865205348413531322068617368206f6620612066696c650a,PS1,PS1_UTF8_BOM,URL_PROTOCOL,1,CLEAN
G:\Users\win10secu3\Documents\File\File170,File170,6138710,bf2180708e187ea7b3118b65d83767054c8fbdfc258c3fc7d0980f4d936de028,504b030414000600080000002100c3aa5d0e8d020000581d0000130008025b436f6e74656e745f54797065735d2e786d6c20,ZIP,ZIP_PK_HEADER,,0,CLEAN
G:\Users\win10secu3\Documents\File\File171,File171,1011368,021ea4dc427c81adebedb8152f67e67de7dc74417b65c2e276c58ca7d27112fc,504b03041400060008000000210033a54b358a01000099050000130008025b436f6e74656e745f54797065735d2e786d6c20,ZIP,ZIP_PK_HEADER,URL_PROTOCOL,1,CLEAN
G:\Users\win10secu3\Documents\File\File172,File172,17097,f98118e352c0c17b1bd04afee6f258d5c29116bf5e6b74fa0a28148ab372519a,4d6f7a696c6c61205075626c6963204c6963656e73652056657273696f6e20322e300d0a3d3d3d3d3d3d3d3d3d3d3d3d3d3d,TXT,TXT_HEURISTIC,URL_PROTOCOL,1,CLEAN
G:\Users\win10secu3\Documents\File\File173,File173,19232,d042f2a62c3169aae27e079f596effacf5c7d98e3777f230908e1a27f97d4aeb,4d5a90000300000004000000ffff0000b8000000000000004000000000000000000000000000000000000000000000000000,EXE,PE_MZ_HEADER,URL_PROTOCOL,1,CLEAN
G:\Users\win10secu3\Documents\File\File174,File174,113,40e4e9e028ff2c341f0f10c7e39bf16bb5328d3faa71e87b4e9bdb117101f0da,406563686f206f66660d0a736574202f6120613d2572616e646f6d25202525203130300d0a736574202f6120623d2572616e,BAT,BAT_ECHO_OFF,,0,CLEAN
G:\Users\win10secu3\Documents\File\File175,File175,829,e1be23b940aa48907364cf126cd3ba656d13f6e9db0317f5072e22952e3c36f2,efbbbf3c230a2e53594e4f505349530a09496e7374616c6c7320564c430a2e4445534352495054494f4e0a09546869732050,PS1,PS1_UTF8_BOM,URL_PROTOCOL,1,CLEAN
G:\Users\win10secu3\Documents\File\File176,File176,3072,827be39a735f8c49e3fc483b5a57401c463c0aa306ab14f277f20453f45833a1,4d5a90000300000004000000ffff0000b8000000000000004000000000000000000000000000000000000000000000000000,EXE,PE_MZ_HEADER,,0,CLEAN
G:\Users\win10secu3\Documents\File\File177,File177,12064,b12679d33126d2dcb0cd3625fccf5c3afc40d95c1be36dc55f7471de94929d23,4d5a90000300000004000000ffff0000b8000000000000004000000000000000000000000000000000000000000000000000,EXE,PE_MZ_HEADER,URL_PROTOCOL,1,CLEAN
G:\Users\win10secu3\Documents\File\File178,File178,608,8f10f3044eedf59e35d2a9b06eafeb6c73acfb25cb2cbac88b55e57e49034e9d,efbbbf3c230a2e53594e4f505349530a09496e7374616c6c73204e6574666c69780a2e4445534352495054494f4e0a095468,PS1,PS1_UTF8_BOM,URL_PROTOCOL,1,CLEAN
G:\Users\win10secu3\Documents\File\File179,File179,9093,2d0f446840b79edc6392af5a19603d1092bf816a0853aa7e4017029ba05c7616,090920202020202020546865204172746973746963204c6963656e736520322e300d0a0d0a0920202020436f707972696768,TXT,TXT_HEURISTIC,,0,CLEAN
G:\Users\win10secu3\Documents\File\File180,File180,2071847,93ad8b3ae0098063a59ecb9d4784d6222778e52c7c5f1d18238992842ba02ed6,4d5a90000300000004000000ffff0000b8000000000000004000000000000000000000000000000000000000000000000000,EXE,PE_MZ_HEADER,,0,CLEAN
G:\Users\win10secu3\Documents\File\File181,File181,9567,8a44bdbeaa77f132076aba2f6e3f59738ea5f75cc17717536c65f862aaa3131c,504b0304140000080800423d3c5a479244b25a010000f0040000130004005b436f6e74656e745f54797065735d2e786d6c53,ZIP,ZIP_PK_HEADER,,0,CLEAN
G:\Users\win10secu3\Documents\File\File182,File182,490858,2e4e83d7d42bbd305f4bb20a15f0f4b3346b7b335cb50d8c3a546f681ca1b832,255044462d312e340d25e2e3cfd30d0a313231332030206f626a0d3c3c2f4c696e656172697a656420312f4c203439303836,PDF,PDF_HEADER_V1,URL_PROTOCOL;IPV4_LITERAL,2,SUSPICIOUS
G:\Users\win10secu3\Documents\File\File183,File183,34148,42efce0f18b4f04638c0f8804ac4b80a69992259e8e4cd842fe6b105eea3bfb2,504b0304140006000800000021001cadb2d2fa0100006d0b0000130008025b436f6e74656e745f54797065735d2e786d6c20,ZIP,ZIP_PK_HEADER,,0,CLEAN
G:\Users\win10secu3\Documents\File\File184,File184,1660287,ef084f96946a33800a10c8cc5baea73a48025bcb100e1ab2c7f9c68fdd5755c3,89504e470d0a1a0a0000000d4948445200000388000004ec0806000000c272ac0c0001000049444154789cecfdf98f245b96,PNG,PNG_SIGNATURE,,0,CLEAN
G:\Users\win10secu3\Documents\File\File185,File185,870117,5a61ca0690a051e9dace2cacd65a9aa956278cbef643e4a259d37d8b1da2055a,504b0304140006000800000021009634826862020000281800001300c5015b436f6e74656e745f54797065735d2e786d6c20,ZIP,ZIP_PK_HEADER,,0,CLEAN
G:\Users\win10secu3\Documents\File\File186,File186,2176,c665a33a2462010c88cc488ac006544014700c2d19b931e528cf40041cc5e9b0,4d004900540020004c006900630065006e00730065000d000a000d000a0043006f0070007900720069006700680074002000,UNKNOWN,,,0,CLEAN
G:\Users\win10secu3\Documents\File\File187,File187,23570,d0a731438645729fef6185853644eb033f08944318d6085f46c9561a1a7dc074,504b030414000600080000002100b5f6d3968d01000021070000130008025b436f6e74656e745f54797065735d2e786d6c20,ZIP,ZIP_PK_HEADER,,0,CLEAN
G:\Users\win10secu3\Documents\File\File188,File188,10470,915c0560471eece77640068019d519f6f5cb345877fc4b7b2006a2cc58277ddf,4f70656e20536f667477617265204c6963656e73652028224f534c222920762e20332e300d0a0d0a54686973204f70656e20,TXT,TXT_HEURISTIC,,0,CLEAN
G:\Users\win10secu3\Documents\File\File189,File189,95254,61907f67de8563ebbc76740b23bd97e332cb78a052b4491e9d7f740946cc692f,504b030414000600080000002100885e620bca010000220a0000130008025b436f6e74656e745f54797065735d2e786d6c20,ZIP,ZIP_PK_HEADER,,0,CLEAN
G:\Users\win10secu3\Documents\File\File190,File190,1799942,4ed04cdb00ed9809033efbf8f9ad3debee924ff4564f200c96d88a9dc508d7dd,89504e470d0a1a0a0000000d4948445200000388000004ec0806000000c272ac0c0001000049444154789cecfde9b36dc775,PNG,PNG_SIGNATURE,,0,CLEAN
G:\Users\win10secu3\Documents\File\File191,File191,148835,19df1c62878cf4ef4634f87f35ad6b66a1df5433e9341772efa0ab2449962e92,504b03041400060008000000210058793607df010000230a0000130008025b436f6e74656e745f54797065735d2e786d6c20,ZIP,ZIP_PK_HEADER,URL_PROTOCOL,1,CLEAN
G:\Users\win10secu3\Documents\File\File192,File192,319563,105e7abe3ee6468f590368d72d02b63ff6eafe147a0cfdd994f952e2b7c9acbd,90000300000004000000ffff0000b80000000000000040000000000000000000000000000000000000000000000000000000,UNKNOWN,,URL_PROTOCOL;API_WINEXEC;REG_SET_VALUE,3,SUSPICIOUS
G:\Users\win10secu3\Documents\File\File193,File193,466915,d3f23962bd711525f1e2797f0ec17f15d2a0b73665065bd20cb45d23fa6e3c99,504b03040a000000000000002100ffffffff0c0200000c020000100000005b74726173685d2f303030302e646174ffffffff,ZIP,ZIP_PK_HEADER,,0,CLEAN
G:\Users\win10secu3\Documents\File\File194,File194,1641870,9c78b4fcd0a2b8c46af7574db506f6e5c1ae85250034bef6e52c26aa88424b59,504b0304140006000800000021003e1188ca6002000047190000130008025b436f6e74656e745f54797065735d2e786d6c20,ZIP,ZIP_PK_HEADER,,0,CLEAN
G:\Users\win10secu3\Documents\File\File195,File195,87316,c0f86d1003cd3c7117dc032b943928910944d00a61de2b3aef60f51c902c896f,4344303014000600080000002100714b4e1205020000ec0c00001300cd015b436f6e74656e745f54797065735d2e786d6c20,UNKNOWN,,,0,CLEAN
G:\Users\win10secu3\Documents\File\File196,File196,1379663,9e22d6eedee0a3399dc254fdfa1695b4a33e37782c2fe7dddca72f137e831c3c,504b03041400060008000000210062ee9d685e01000090040000130008025b436f6e74656e745f54797065735d2e786d6c20,ZIP,ZIP_PK_HEADER,,0,CLEAN
G:\Users\win10secu3\Documents\File\File197,File197,2454899,f5afab8876440ad6cb9b95a3988d0d97bc9eaffef86a3d668e74237d7013bd0b,504b0304140008080800d241755900000000000000000000000010000000776f72642f686561646572312e786d6ca595db8e,ZIP,OOXML_DOCX_HINT,,0,CLEAN
G:\Users\win10secu3\Documents\File\File198,File198,10412619,ada5a897f6c0a25fd1f71df86455346435639000cd10f1dae3d32675ecc75660,504b03041400060008000000210099557e05f9000000e10200000b00f3015f72656c732f2e72656c7320a2ef0128a0000200,ZIP,ZIP_PK_HEADER,URL_PROTOCOL,1,CLEAN
G:\Users\win10secu3\Documents\File\File199,File199,266057,be349d9ae09d8cf0f9065dd7a790a41416d3ebf93eb75015bd852266d3b223f9,255044462d312e370d0a25b5b5b5b50d0a312030206f626a0d0a3c3c2f547970652f436174616c6f672f5061676573203220,PDF,PDF_HEADER_V1,URL_PROTOCOL,1,CLEAN
G:\Users\win10secu3\Documents\File\File200,File200,1543898,e8f2c7602555751cf8fe40de5e51d1d51c3abcaf617af949cae601c7f21cb4fb,4d5a0000000d4948445200000388000004ec0806000000c272ac0c0001000049444154789cecfd59b36449921e887daa6a76,EXE,PE_MZ_HEADER,,0,CLEAN
G:\Users\win10secu3\Documents\File\File201,File201,867014,cca30ca51762ebc3627fb2bf0ad625f04e52ef1af1b5070132279f5f40015d7f,4d5a90000300000004000000ffff0000b8000000000000004000000000000000000000000000000000000000000000000000,EXE,PE_MZ_HEADER,API_WINEXEC;REG_SET_VALUE,2,SUSPICIOUS
G:\Users\win10secu3\Documents\File\File202,File202,1204734,4fb8184bee8c99d59555e7e387a0ebec6df0e3e1801aa640133374ead7c56e78,42000200000020000000ffff05000001000000000000400000000100fb716a72000000000000000000000000000000000000,UNKNOWN,,,0,CLEAN
G:\Users\win10secu3\Documents\File\File203,File203,781,24795cf6cd080bb4897f9e532b34c1e2ebd3d841aa5bfcd30d8c75b833d69518,efbbbf3c230a2e53594e4f505349530a095072696e747320746865205348413235362068617368206f6620612066696c650a,PS1,PS1_UTF8_BOM,URL_PROTOCOL,1,CLEAN
G:\Users\win10secu3\Documents\File\File204,File204,681,a3a56b01c83255a27ffc21329316ee7bbc2fe6a0e0dc4449d1e8d154312b7ce4,efbbbf3c230a2e53594e4f505349530a09496e7374616c6c73204f42532053747564696f20286e656564732061646d696e20,PS1,PS1_UTF8_BOM,URL_PROTOCOL,1,CLEAN
G:\Users\win10secu3\Documents\File\File205,File205,169050,d0aa4a315d66e1197e18c51b0924b09e5c716b1204fafb8ac43d101a9da06a89,ffd8ffe000104a46494600010100000100010000ffdb004300080606070605080707070909080a0c140d0c0b0b0c1912130f,JPEG,JPEG_GENERIC,,0,CLEAN
G:\Users\win10secu3\Documents\File\File206,File206,209333,f435ebe4e5aef3479aedf5b2128f6111635cce44f4a7f19cb3ea8d92d21b216d,504b03041400060008000000210024ec50bf8201000024070000130008025b436f6e74656e745f54797065735d2e786d6c20,ZIP,ZIP_PK_HEADER,,0,CLEAN
G:\Users\win10secu3\Documents\File\File207,File207,726251,101bcf563ebe0e8ef4f0a63513614791b3c306c10f8382416276992a85dd63b1,4d5a90000300000004000000ffff0000b8000000000000004000000000000000000000000000000000000000000000000000,EXE,PE_MZ_HEADER,URL_PROTOCOL;API_WINEXEC;REG_SET_VALUE,3,SUSPICIOUS
G:\Users\win10secu3\Documents\File\File208,File208,3060289,24a50953cdcb5923deb5c91fc03c89144d6b48ce288457a85f380f511cf6f0ff,504b030414000600080000002100e4a7b06feb010000350d0000130008025b436f6e74656e745f54797065735d2e786d6c20,ZIP,ZIP_PK_HEADER,,0,CLEAN
G:\Users\win10secu3\Documents\File\File209,File209,202653,19de82512ea67a8ca22985d597dc2190f33d23a410315fde887e60bd525a268b,255044462d312e330a25e2e3cfd30a312030206f626a0a3c3c0a2f54797065202f50616765730a2f436f756e742031340a2f,PDF,PDF_HEADER_V1,,0,CLEAN
G:\Users\win10secu3\Documents\File\File210,File210,184563,ff59a2acd6b318ffc75e2ed3c5936c69d56eda24b6a57049a5d75f14308c00e7,504b03040a000000080000002100fc1fed11250200004305000010000000646f6350726f70732f6170702e786d6c9c54df6f,ZIP,ZIP_PK_HEADER,,0,CLEAN
G:\Users\win10secu3\Documents\File\File211,File211,458026,dcfff3750dfaabd52f4c62a35a98f1d0df5227aec8ebfcc2e8167bc71c4b05cc,504b0304140006000800000021003bf479e32e030000b810000014000000786c2f70726573656e746174696f6e2e786d6cec,ZIP,OOXML_XLSX_HINT,,0,CLEAN
G:\Users\win10secu3\Documents\File\File212,File212,182,5949cf679127b5a6fdb19a4200f72a8bb2b6095bd61e64692cb6b39a06fa96f9,406563686f206f66660d0a736574206164766963653d5374617920706f7369746976652e7c54616b6520627265616b732e7c,BAT,BAT_ECHO_OFF,,0,CLEAN
G:\Users\win10secu3\Documents\File\File213,File213,66043,47914ae30332a9b287cd49cf1848a923790dec9693742ea370ee5ae9d5f4cd4f,4d5a90000300000004000000ffff0000b8000000000000004000000000000000000000000000000000000000000000000000,EXE,PE_MZ_HEADER,,0,CLEAN
G:\Users\win10secu3\Documents\File\File214,File214,166868,568ea3e5a0735f8eb6cde01fe02dd588f2474ecb959188c4fe55a4252cf1d429,ffd8ffe000104a46494600010100000100010000ffdb004300080606070605080707070909080a0c140d0c0b0b0c1912130f,JPEG,JPEG_GENERIC,,0,CLEAN
G:\Users\win10secu3\Documents\File\File215,File215,643,39f623db0d8f79359e3f585fec270bf9a189c19392e4a69d111ecc71415bad32,efbbbf3c230a2e53594e4f505349530a09496e7374616c6c732056697375616c2053747564696f20436f64650a2e44455343,PS1,PS1_UTF8_BOM,URL_PROTOCOL,1,CLEAN
G:\Users\win10secu3\Documents\File\File216,File216,628,44e76ab7e070b8e79e26f13b31c2c574ac6194364864ed485961ecbce0a19dc7,efbbbf3c230a2e53594e4f505349530a09496e7374616c6c732047697420457874656e73696f6e730a2e4445534352495054,PS1,PS1_UTF8_BOM,URL_PROTOCOL,1,CLEAN
G:\Users\win10secu3\Documents\File\File217,File217,14118,0d359811829860ca2834f57db70b89d41ec044ab22f85f1a87f5c22228d5d899,202020202020202020202020202020202020202020204555524f5045414e20554e494f4e205055424c4943204c4943454e43,TXT,TXT_HEURISTIC,,0,CLEAN
G:\Users\win10secu3\Documents\File\File218,File218,1394042,0037cf511e2b34db246d16b964f9373c21b2dc7b268b9cfcbe89620b16fc4c74,89504e470d0a1a0a0000000d4948445200000388000004ec0806000000c272ac0c0001000049444154789cecfd69b06dc975,PNG,PNG_SIGNATURE,,0,CLEAN
G:\Users\win10secu3\Documents\File\File219,File219,127189,a119016709f406bf1550822b2bdc3807c1a2fdb953e387e9257e08d1a81549f9,ffd8ffe000104558494600010100000100010000ffdb004300080606070605080707070909080a0c140d0c0b0b0c1912130f,JPEG,JPEG_GENERIC,,0,CLEAN
G:\Users\win10secu3\Documents\File\File220,File220,191,a02767a52d8c1fcde77ed6d297d3ac17029275c6125af1c6ac5a618904f71c6e,406563686f206f66660d0a73657420776f72643d68656c6c6f0d0a73657420736372616d626c65643d0d0a666f72202f6c20,BAT,BAT_ECHO_OFF,,0,CLEAN
